<?xml version="1.0"?>
<!--<!DOCTYPE metadata SYSTEM "http://www.esri.com/metadata/esriprof80.dtd">-->
<metadata xml:lang="pt"><Esri><CreaDate>20100922</CreaDate><CreaTime>16422100</CreaTime><SyncOnce>FALSE</SyncOnce><MetaID>{CE21ADE0-9848-4B49-8A43-FABE112406CA}</MetaID><DataProperties><itemProps><itemName Sync="TRUE">SIGA_GEO.SALVADOR_LIMITEBAIRRO_2010</itemName><imsContentType Sync="TRUE">002</imsContentType><itemLocation><linkage Sync="TRUE">file://Service=sde:oracle11g:/;local=informs; User=siga_geo; Version=SDE.DEFAULT</linkage><protocol Sync="TRUE">Local Area Network</protocol></itemLocation></itemProps><coordRef><type Sync="TRUE">Projected</type><geogcsn Sync="TRUE">GCS_South_American_1969</geogcsn><projcsn Sync="TRUE">SAD_1969_UTM_Zone_24S</projcsn><peXml Sync="TRUE">&lt;ProjectedCoordinateSystem xsi:type='typens:ProjectedCoordinateSystem' xmlns:xsi='http://www.w3.org/2001/XMLSchema-instance' xmlns:xs='http://www.w3.org/2001/XMLSchema' xmlns:typens='http://www.esri.com/schemas/ArcGIS/10.0'&gt;&lt;WKT&gt;PROJCS[&amp;quot;SAD_1969_UTM_Zone_24S&amp;quot;,GEOGCS[&amp;quot;GCS_South_American_1969&amp;quot;,DATUM[&amp;quot;D_South_American_1969&amp;quot;,SPHEROID[&amp;quot;GRS_1967_Truncated&amp;quot;,6378160.0,298.25]],PRIMEM[&amp;quot;Greenwich&amp;quot;,0.0],UNIT[&amp;quot;Degree&amp;quot;,0.0174532925199433]],PROJECTION[&amp;quot;Transverse_Mercator&amp;quot;],PARAMETER[&amp;quot;False_Easting&amp;quot;,500000.0],PARAMETER[&amp;quot;False_Northing&amp;quot;,10000000.0],PARAMETER[&amp;quot;Central_Meridian&amp;quot;,-39.0],PARAMETER[&amp;quot;Scale_Factor&amp;quot;,0.9996],PARAMETER[&amp;quot;Latitude_Of_Origin&amp;quot;,0.0],UNIT[&amp;quot;Meter&amp;quot;,1.0],AUTHORITY[&amp;quot;EPSG&amp;quot;,29194]]&lt;/WKT&gt;&lt;XOrigin&gt;40642.587276959202&lt;/XOrigin&gt;&lt;YOrigin&gt;8055843.56418637&lt;/YOrigin&gt;&lt;XYScale&gt;1953.1249981810099&lt;/XYScale&gt;&lt;ZOrigin&gt;0&lt;/ZOrigin&gt;&lt;ZScale&gt;1&lt;/ZScale&gt;&lt;MOrigin&gt;0&lt;/MOrigin&gt;&lt;MScale&gt;1&lt;/MScale&gt;&lt;XYTolerance&gt;0.0010240000009536746&lt;/XYTolerance&gt;&lt;ZTolerance&gt;2&lt;/ZTolerance&gt;&lt;MTolerance&gt;2&lt;/MTolerance&gt;&lt;HighPrecision&gt;false&lt;/HighPrecision&gt;&lt;WKID&gt;29194&lt;/WKID&gt;&lt;/ProjectedCoordinateSystem&gt;</peXml></coordRef><lineage><Process ToolSource="C:\Arquivos de programas\ArcGIS\Desktop10.0\ArcToolbox\Toolboxes\Conversion Tools.tbx\FeatureClassToFeatureClass" Date="20100924" Time="154132">FeatureClassToFeatureClass "\\Iyami\Segeo\Banco de Dados\Backups\Features Carregadas no Banco\SIGA_GEO\Bairros\23-09-10\Bairro.shp" "Database Connections\GENERICO - OXAGUIAN - PRODUCAO.sde\SIGA_GEO.SALVADOR" SALVADOR_LIMITEBAIRRO_2010 # "NM_BAIRROS "NM_BAIRROS" true true false 50 Text 0 0 ,First,#,\\Iyami\Segeo\Banco de Dados\Backups\Features Carregadas no Banco\SIGA_GEO\Bairros\23-09-10\Bairro.shp,NM_BAIRROS,-1,-1;SHAPE_LENG "SHAPE_LENG" true true false 19 Double 8 18 ,First,#,\\Iyami\Segeo\Banco de Dados\Backups\Features Carregadas no Banco\SIGA_GEO\Bairros\23-09-10\Bairro.shp,SHAPE_LENG,-1,-1;COD_MUN "COD_MUN" true true false 4 Text 0 0 ,First,#,\\Iyami\Segeo\Banco de Dados\Backups\Features Carregadas no Banco\SIGA_GEO\Bairros\23-09-10\Bairro.shp,COD_MUN,-1,-1;SHAPE_AREA "SHAPE_AREA" true true false 19 Double 0 0 ,First,#,\\Iyami\Segeo\Banco de Dados\Backups\Features Carregadas no Banco\SIGA_GEO\Bairros\23-09-10\Bairro.shp,SHAPE_AREA,-1,-1;eixo_desen "eixo_desen" true true false 30 Text 0 0 ,First,#,\\Iyami\Segeo\Banco de Dados\Backups\Features Carregadas no Banco\SIGA_GEO\Bairros\23-09-10\Bairro.shp,eixo_desen,-1,-1;COD_BR_1 "COD_BR_1" true true false 254 Text 0 0 ,First,#,\\Iyami\Segeo\Banco de Dados\Backups\Features Carregadas no Banco\SIGA_GEO\Bairros\23-09-10\Bairro.shp,COD_BR_1,-1,-1;POPULAÇÃO "POPULAÇÃO" true true false 16 Double 6 15 ,First,#,\\Iyami\Segeo\Banco de Dados\Backups\Features Carregadas no Banco\SIGA_GEO\Bairros\23-09-10\Bairro.shp,POPULAÇÃO,-1,-1" #</Process><Process ToolSource="C:\Arquivos de programas\ArcGIS\ArcToolbox\Toolboxes\Data Management Tools.tbx\CopyFeatures" Date="20110113" Time="125341">CopyFeatures "Database Connections\Connection to sde oRA11.sde\SIGA_GEO.SALVADOR\SIGA_GEO.SALVADOR_LIMITEBAIRRO_2010" X:\SECTM\Cassio\SIGA_GEO_SALVADOR_LIMITEBAIRRO_2010.shp # 0 0 0</Process></lineage></DataProperties><SyncDate>20110113</SyncDate><SyncTime>12534000</SyncTime><ModDate>20110113</ModDate><ModTime>12534000</ModTime></Esri><idinfo><citation><citeinfo><onlink Sync="TRUE">\\Oxala\Publica\SECTM\Cassio\SIGA_GEO_SALVADOR_LIMITEBAIRRO_2010.shp</onlink><title Sync="TRUE">SIGA_GEO_SALVADOR_LIMITEBAIRRO_2010</title><ftname Sync="TRUE">SIGA_GEO_SALVADOR_LIMITEBAIRRO_2010</ftname><geoform Sync="TRUE">vector digital data</geoform></citeinfo></citation><native Sync="TRUE">Microsoft Windows XP Version 5.1 (Build 2600) Service Pack 3; ESRI ArcCatalog 9.3.1.3000</native><descript><langdata Sync="TRUE">pt</langdata></descript><natvform Sync="TRUE">Shapefile</natvform></idinfo><distInfo><distributor><distorTran><onLineSrc><linkage Sync="TRUE">file://\\Oxala\Publica\SECTM\Cassio\SIGA_GEO_SALVADOR_LIMITEBAIRRO_2010.shp</linkage><protocol Sync="TRUE">Local Area Network</protocol><orDesc Sync="TRUE">002</orDesc></onLineSrc><transSize Sync="TRUE">0.000</transSize></distorTran><distorFormat><formatName Sync="TRUE">Shapefile</formatName></distorFormat></distributor><distFormat><formatName Sync="TRUE">SDE Feature Class</formatName></distFormat></distInfo><dataqual><lineage><procstep><procdesc Sync="TRUE">Dataset copied.</procdesc><srcused Sync="TRUE">Z:\Atlas_Desenv_Hum_RMS\Bairro</srcused><procdate Sync="TRUE">20100922</procdate><proctime Sync="TRUE">16422100</proctime></procstep></lineage></dataqual><dataIdInfo><envirDesc Sync="TRUE">Microsoft Windows XP Version 5.1 (Build 2600) Service Pack 3; ESRI ArcCatalog 9.3.1.3000</envirDesc><dataLang><languageCode value="pt" country="BR"></languageCode></dataLang><idCitation><resTitle Sync="TRUE">SIGA_GEO_SALVADOR_LIMITEBAIRRO_2010</resTitle><presForm><PresFormCd value="005"></PresFormCd></presForm></idCitation><descKeys><thesaName uuidref="723f6998-058e-11dc-8314-0800200c9a66"></thesaName><keyword Sync="TRUE">002</keyword></descKeys><spatRpType><SpatRepTypCd value="001"></SpatRepTypCd></spatRpType></dataIdInfo><mdLang><languageCode value="pt"></languageCode></mdLang><mdHrLv><ScopeCd value="005"></ScopeCd></mdHrLv><mdHrLvName Sync="TRUE">dataset</mdHrLvName><refSysInfo><RefSystem><refSysID><identCode code="29194"></identCode><idCodeSpace Sync="TRUE">EPSG</idCodeSpace><idVersion Sync="TRUE">7.4.1</idVersion></refSysID></RefSystem></refSysInfo><spdoinfo><ptvctinf><esriterm Name="SIGA_GEO_SALVADOR_LIMITEBAIRRO_2010"><efeatyp Sync="TRUE">Simple</efeatyp><efeageom Sync="TRUE">Polygon</efeageom><esritopo Sync="TRUE">FALSE</esritopo><efeacnt Sync="TRUE">0</efeacnt><spindex Sync="TRUE">FALSE</spindex><linrefer Sync="TRUE">FALSE</linrefer></esriterm><sdtsterm Name="SIGA_GEO_SALVADOR_LIMITEBAIRRO_2010"><sdtstype Sync="TRUE">G-polygon</sdtstype><ptvctcnt Sync="TRUE">0</ptvctcnt></sdtsterm></ptvctinf><direct Sync="TRUE">Vector</direct></spdoinfo><spatRepInfo><VectSpatRep><topLvl><TopoLevCd value="001"></TopoLevCd></topLvl><geometObjs><geoObjTyp><GeoObjTypCd value="002"></GeoObjTypCd><geoObjCnt Sync="TRUE">0</geoObjCnt></geoObjTyp></geometObjs></VectSpatRep></spatRepInfo><eainfo><detailed Name="SIGA_GEO_SALVADOR_LIMITEBAIRRO_2010"><enttyp><enttypl Sync="TRUE">SIGA_GEO_SALVADOR_LIMITEBAIRRO_2010</enttypl><enttypt Sync="TRUE">Feature Class</enttypt><enttypc Sync="TRUE">0</enttypc></enttyp><attr><attrlabl Sync="TRUE">FID</attrlabl><attalias Sync="TRUE">FID</attalias><attrtype Sync="TRUE">OID</attrtype><attwidth Sync="TRUE">4</attwidth><atprecis Sync="TRUE">0</atprecis><attscale Sync="TRUE">0</attscale><attrdef Sync="TRUE">Internal feature number.</attrdef><attrdefs Sync="TRUE">ESRI</attrdefs><attrdomv><udom Sync="TRUE">Sequential unique whole numbers that are automatically generated.</udom></attrdomv></attr><attr><attrlabl Sync="TRUE">NM_BAIRROS</attrlabl><attalias Sync="TRUE">NM_BAIRROS</attalias><attrtype Sync="TRUE">String</attrtype><attwidth Sync="TRUE">50</attwidth></attr><attr><attrlabl Sync="TRUE">SHAPE_LENG</attrlabl><attalias Sync="TRUE">SHAPE_LENG</attalias><attrtype Sync="TRUE">Number</attrtype><attwidth Sync="TRUE">19</attwidth><atnumdec Sync="TRUE">8</atnumdec></attr><attr><attrlabl Sync="TRUE">COD_MUN</attrlabl><attalias Sync="TRUE">COD_MUN</attalias><attrtype Sync="TRUE">String</attrtype><attwidth Sync="TRUE">4</attwidth></attr><attr><attrlabl Sync="TRUE">EIXO_DESEN</attrlabl><attalias Sync="TRUE">EIXO_DESEN</attalias><attrtype Sync="TRUE">String</attrtype><attwidth Sync="TRUE">30</attwidth></attr><attr><attrlabl Sync="TRUE">COD_BR_1</attrlabl><attalias Sync="TRUE">COD_BR_1</attalias><attrtype Sync="TRUE">String</attrtype><attwidth Sync="TRUE">254</attwidth></attr><attr><attrlabl Sync="TRUE">POPULAÇÃO</attrlabl><attalias Sync="TRUE">POPULAÇÃO</attalias><attrtype Sync="TRUE">Number</attrtype><attwidth Sync="TRUE">17</attwidth><atnumdec Sync="TRUE">6</atnumdec></attr><attr><attrlabl Sync="TRUE">SHAPE</attrlabl><attalias Sync="TRUE">Shape</attalias><attrtype Sync="TRUE">Geometry</attrtype><attwidth Sync="TRUE">0</attwidth><atprecis Sync="TRUE">0</atprecis><attscale Sync="TRUE">0</attscale><attrdef Sync="TRUE">Feature geometry.</attrdef><attrdefs Sync="TRUE">ESRI</attrdefs><attrdomv><udom Sync="TRUE">Coordinates defining the features.</udom></attrdomv></attr><attr><attrlabl Sync="TRUE">SHAPE_AREA</attrlabl><attalias Sync="TRUE">SHAPE_AREA</attalias><attrtype Sync="TRUE">Float</attrtype><attwidth Sync="TRUE">19</attwidth><attrdef Sync="TRUE">Area of feature in internal units squared.</attrdef><attrdefs Sync="TRUE">ESRI</attrdefs><attrdomv><udom Sync="TRUE">Positive real numbers that are automatically generated.</udom></attrdomv><atnumdec Sync="TRUE">11</atnumdec></attr><attr><attrlabl Sync="TRUE">SHAPE_LEN</attrlabl><attalias Sync="TRUE">SHAPE_LEN</attalias><attrtype Sync="TRUE">Float</attrtype><attwidth Sync="TRUE">19</attwidth><atnumdec Sync="TRUE">11</atnumdec></attr></detailed></eainfo><mdDateSt Sync="TRUE">20110113</mdDateSt><metainfo><langmeta Sync="TRUE">pt</langmeta><metstdn Sync="TRUE">FGDC Content Standards for Digital Geospatial Metadata</metstdn><metstdv Sync="TRUE">FGDC-STD-001-1998</metstdv><mettc Sync="TRUE">local time</mettc><metextns><onlink Sync="TRUE">http://www.esri.com/metadata/esriprof80.html</onlink><metprof Sync="TRUE">ESRI Metadata Profile</metprof></metextns><metd Sync="TRUE">20110113</metd></metainfo><mdStanName Sync="TRUE">ISO 19115 Geographic Information - Metadata</mdStanName><mdStanVer Sync="TRUE">DIS_ESRI1.0</mdStanVer><mdChar><CharSetCd Sync="TRUE" value="004"></CharSetCd></mdChar><distinfo><resdesc Sync="TRUE">Downloadable Data</resdesc><stdorder><digform><digtinfo><transize Sync="TRUE">0.000</transize><dssize Sync="TRUE">0.000</dssize></digtinfo></digform></stdorder></distinfo><spref><horizsys><cordsysn><geogcsn Sync="TRUE">GCS_South_American_1969</geogcsn><projcsn Sync="TRUE">SAD_1969_UTM_Zone_24S</projcsn></cordsysn><planar><mapproj><mapprojn Sync="TRUE">Transverse Mercator</mapprojn><transmer><sfctrmer Sync="TRUE">0.999600</sfctrmer><longcm Sync="TRUE">-39.000000</longcm><latprjo Sync="TRUE">0.000000</latprjo><feast Sync="TRUE">500000.000000</feast><fnorth Sync="TRUE">10000000.000000</fnorth></transmer></mapproj><planci><plance Sync="TRUE">coordinate pair</plance><plandu Sync="TRUE">meters</plandu><coordrep><absres Sync="TRUE">0.000000</absres><ordres Sync="TRUE">0.000000</ordres></coordrep></planci></planar><geodetic><horizdn Sync="TRUE">D_South_American_1969</horizdn><ellips Sync="TRUE">GRS_1967_Truncated</ellips><semiaxis Sync="TRUE">6378160.000000</semiaxis><denflat Sync="TRUE">298.250000</denflat></geodetic></horizsys></spref></metadata>
